ID,prefix,type
b0102b689,site/,JAVA
6760f0e80,src/test,JAVA
25a504ec4,src/main,JAVA
ae98b7b23,tools/,JAVA
223d59c1b,src/main,JAVA
e3fe9871a,src/main,JAVA
2231c56d7,src/main,JAVA
b1e9a6327,tools/,JAVA
ed45af2fe,tools/,JAVA
ce6d26526,tools/,JAVA
6c040854d,tools/,JAVA
5a170ff21,tools/,JAVA
0fe917f36,tools/,JAVA
782904f1f,site/,C/C++
380c289e1,tools/,JAVA
7f7a2da3b,site/,JAVA
683067231,tools/,JAVA
535847b7e,src/main,JAVA
381a27451,src/main,JAVA
4b7366f40,tools/,JAVA
6c4b492c4,site/,JAVA
1b73bfdb5,site/,C/C++
9a4e6cf2e,tools/,python
25cefcf6b,src/main,JAVA
b41ebc210,src/main,JAVA
36b2717f3,tools/,JAVA
df302e279,src/main,JAVA
64c731275,tools/,JAVA
bf58436a8,tools/,JAVA
692c16751,src/main,JAVA
1a71308ec,src/main,JAVA
514604b35,src/main,JAVA
103662238,tools/,JAVA
1d1bee9d9,tools/,JAVA
4cc0b9234,tools/,JAVA
ea1ffcc89,src/main,JAVA
87e94d873,src/main,JAVA
430dc04ec,tools/,JAVA
96de7e95b,src/main,JAVA
621b1b186,src/main,JAVA
21d9d46cb,tools/,JAVA
74ae11562,tools/,JAVA
63383aa4f,src/main,JAVA
059ebd647,src/test,Starlark
2352dcc6b,src/test,Starlark
7120b85bd,src/main,JAVA
d54234df2,src/main,JAVA
223ae4371,tools/,JAVA
a3e194ff5,src/test,JAVA
78a72c844,src/main,JAVA
f9ee688a6,tools/,JAVA
c2741d8ff,tools/,JAVA
7c3025bc7,src/main,JAVA
ee1f85d0e,tools/,JAVA
a1d428e33,src/main,Starlark
68d88935b,src/main,JAVA
0f7b2f408,src/main,JAVA
5702215f3,src/tools,C/C++
2a07ed33a,src/main,JAVA
816344d3a,tools/,JAVA
fbd12d44e,src/test,JAVA
bfd12b3e4,src/test,JAVA
4aeea7793,src/test,JAVA
bca0ed08f,src/main,JAVA
8926457ca,tools/,JAVA
63dd0ce6e,tools/,JAVA
6f87f10ba,src/main,Starlark
7b3f54ee5,tools/,Starlark
143c72476,site/,C/C++
a3fc394a8,src/main,JAVA
14a2453e9,src/main,JAVA
32ba90564,src/main,JAVA
5f4953c3b,site/,JAVA
68a7d01c7,tools/,JAVA
e708927b8,src/main,JAVA
ac1e6c4ba,src/main,JAVA
3ecd4eacb,site/,C/C++
416d3fd36,src/main,JAVA
cf59697f1,src/test,Starlark
8b9e63bb9,src/main,JAVA
7ade6f3d1,src/main,JAVA
8f4a8f08a,src/test,JAVA
8073f2488,src/tools,C/C++
ad5aeddb2,tools/,JAVA
157ad590b,src/main,JAVA
739bc8650,src/main,JAVA
d322a05e6,tools/,JAVA
7b3efbd13,site/,JAVA
bb01d9dec,src/main,JAVA
f2e760261,tools/,JAVA
5c9b6f665,src/main,JAVA
d831173d9,tools/,JAVA
e53991f2e,tools/,JAVA
362fc9370,tools/,JAVA
05b419f95,tools/,JAVA
d89740e2b,tools/,JAVA
951753097,site/,JAVA
80ef6eba0,site/,C/C++
320a7fe76,site/,JAVA
d51dd3119,site/,JAVA
ae9906bde,tools/,JAVA
8a6db03d2,src/test,JAVA
0c6eab258,src/main,C/C++
6d69aeffe,site/,JAVA
fd3d2b096,src/main,JAVA
8eee8b4b4,tools/,python
c59a401d5,site/,JAVA
b19d4484e,site/,JAVA
256e73ad5,tools/,JAVA
acfee45e8,src/tools,C/C++
08f0cbb24,src/test,JAVA
ba48ad869,tools/,JAVA
f5c575596,tools/,JAVA
c94022adb,src/main,JAVA
51bcbd439,tools/,JAVA
bf5a455ba,tools/,JAVA
e2b3ca544,bazelci/,Starlark
d93e47107,bazelci/,Starlark
fc387ae3f,site/,JAVA
3ae61cbb2,tools/,Starlark
c51322323,tools/,Starlark
bef502e02,tools/,JAVA
d33d7b2de,tools/,JAVA
136440c44,site/,JAVA
840a68cd2,src/main,JAVA
9f9eedc31,tools/,JAVA
60e8a5925,tools/,JAVA
2670976a2,tools/,JAVA
e4daea99c,src/test,JAVA
e7f28772a,site/,JAVA
07c665904,scripts/,Starlark
92e007b08,src/main,JAVA
9c9bd3d20,src/main,JAVA
15e1b16a8,tools/,JAVA
743e575c2,src/main,JAVA
d90293440,src/test,JAVA
5c832a16e,tools/,JAVA
fa47192c9,tools/,JAVA
b8a7b5c90,scripts/,Starlark
48841231b,src/main,JAVA
2a67079d9,src/test,Starlark
0b1366bde,src/test,Starlark
0264e274b,src/test,Starlark
a8f8e5be5,src/test,Starlark
863dbf2d2,tools/,JAVA
5223e14ea,src/main,JAVA
4403b5b3e,src/main,JAVA
d7bba4d07,src/test,Starlark
c1ad71777,src/main,JAVA
82b011d86,src/main,JAVA
615db6646,src/main,JAVA
6ca3d46da,site/,JAVA
ccff1c376,src/main,JAVA
a43e0cb97,src/main,JAVA
14f3c8170,site/,JAVA
9837b75c7,src/main,JAVA
64074ee7f,src/main,JAVA
52abeeb75,tools/,JAVA
8ab3cff77,src/main,JAVA
b02822c2b,src/main,JAVA
ebcfea234,src/main,JAVA
a0285c3b6,src/main,JAVA
07aeaab74,tools/,JAVA
b17c1ea7d,src/main,JAVA
ace6dbfcb,tools/,Starlark
81a519dfc,tools/,JAVA
ae47226f2,tools/,JAVA
750a56f8f,tools/,JAVA
4632e522e,src/test,Starlark
8a95ca927,tools/,JAVA
0d4b01a8b,src/main,JAVA
6f2336dd6,site/,JAVA
28bd8c87d,site/,JAVA
24d02f2f8,src/main,JAVA
65335531b,tools/,JAVA
71e6efc34,src/main,JAVA
b6f6a62b2,site/,JAVA
9e6978809,tools/,JAVA
e790a0af8,src/main,JAVA
2ed2fd5ca,src/test,Starlark
37a9ab6cf,src/main,JAVA
20dd5f1ee,tools/,JAVA
b37ecb70a,tools/,JAVA
595a326da,src/test,JAVA
902691d8c,tools/,JAVA
53848148f,site/,JAVA
94d79282a,src/main,JAVA
459197cfa,tools/,JAVA
564a01b4f,bazelci/,JAVA
7c548870f,src/main,JAVA
3b9aef00b,site/,C/C++
e35b9732c,src/test,JAVA
bd66a7564,src/test,Starlark
c972a1ca3,tools/,JAVA
295e598b9,src/test,Starlark
eb6cc078a,third_party/,Starlark
894a8544d,src/test,Starlark
c29bc895d,tools/,JAVA
a118ae4b5,src/main,JAVA
d330c094f,src/main,JAVA
ba630deb5,src/main,JAVA
b07ec1e15,src/main,JAVA
a166cab5b,src/main,JAVA
4b5e02333,tools/,JAVA
fe2a31bae,tools/,JAVA
4ab8d0f3b,tools/,JAVA
74c3f4dd9,src/main,JAVA
d060fc5b5,src/main,JAVA
8c00ceb35,src/main,JAVA
96c5b0413,src/main,JAVA
5cd08ae2a,tools/,JAVA
571417a35,src/main,JAVA
61ebbee85,src/main,JAVA
0b0714d48,tools/,JAVA
23e0a1bc7,src/main,JAVA
db8230be9,tools/,JAVA
46b29cb96,src/test,JAVA
b399aa0b0,site/,JAVA
21c6c9acc,src/main,JAVA
a5bae936f,src/main,JAVA
48792062f,tools/,JAVA
21611d2a4,tools/,JAVA
d0c368acc,tools/,JAVA
439a52cd6,tools/,JAVA
9cb1c13f4,third_party/,C/C++
b7c1a2ec8,tools/,Starlark
7aebaa971,src/main,JAVA
0dec28080,third_party/,C/C++
a47b27b01,src/test,JAVA
3055b2921,tools/,JAVA
ba3c22475,site/,JAVA
5fe20491c,src/main,JAVA
7b6622919,tools/,JAVA
5ba039a52,src/main,JAVA
bac27ec5a,src/main,JAVA
41d418f74,tools/,JAVA
3f20f00d4,src/test,JAVA
ddeb76f6c,src/main,JAVA
120d4febc,src/main,JAVA
51a88fdc4,tools/,JAVA
f9f89cf1f,src/main,JAVA
d3aa77a84,src/main,JAVA
ebf8c1839,src/test,JAVA
f61603788,tools/,JAVA
fa139a8c9,src/main,JAVA
6e1074b09,src/main,JAVA
27c16e0e4,src/main,JAVA
9519f92f8,src/main,JAVA
1483e8c96,tools/,JAVA
177d88d4c,tools/,JAVA
35aedf954,tools/,JAVA
8effbecba,src/main,JAVA
60509310d,src/main,JAVA
606af1e95,src/main,JAVA
ae687cfd1,site/,JAVA
3da9aa80f,tools/,JAVA
c85cb71ce,third_party/,Starlark
77f347141,site/,JAVA
899b776d3,src/main,JAVA
9dfe29530,src/main,JAVA
1d1df0287,bazelci/,Starlark
b1da7beb3,src/main,JAVA
4cd10551f,src/test,JAVA
6a849808d,src/main,JAVA
9ec4bf862,tools/,JAVA
88a2376d9,src/main,C/C++
356e0eb33,src/main,JAVA
0996f6428,tools/,JAVA
d410e27d8,src/main,JAVA
9079b38e7,bazelci/,Starlark
414d6f213,src/main,JAVA
6116ce73f,tools/,Starlark
793e5a8c7,tools/,JAVA
9cd1fccbe,src/main,JAVA
b27113f8f,src/main,JAVA
36fc38805,src/test,JAVA
6e5efd0a6,tools/,JAVA
6a29d3e33,src/main,JAVA
4f35d4b24,tools/,JAVA
2c0597dea,tools/,JAVA
6224316f1,src/main,JAVA
91a48853a,src/test,JAVA
ae2183b6d,src/test,JAVA
07fc46bb0,src/main,JAVA
dd2ecc949,site/,C/C++
ad09f7599,src/main,JAVA
987ae2932,tools/,JAVA
78ffb5fb2,tools/,JAVA
bc9bf40b6,site/,C/C++
790c172fb,tools/,JAVA
b2f14fd92,tools/,JAVA
c9fc61448,tools/,JAVA
1ffe375bc,site/,C/C++
3bfbeef5d,site/,JAVA
d165104eb,src/main,JAVA
abec01ae6,src/main,JAVA
679d56c89,tools/,JAVA
8c58bb83d,src/test,python
a48022a8f,src/main,JAVA
9fb650d2a,tools/,JAVA
192eb505e,tools/,JAVA
b55e4043a,src/main,JAVA
8936aecb9,tools/,JAVA
7edc57806,tools/,C/C++
299cd7e17,tools/,C/C++
51fabdd82,src/test,JAVA
7308f85e5,src/test,JAVA
970e0fdef,src/test,JAVA
9cfb0bd75,bazelci/,JAVA
d90eeb4ab,src/test,JAVA
b96dcd5a4,tools/,JAVA
74ddafe29,src/test,JAVA
1e100c633,src/main,JAVA
045c2845f,src/test,JAVA
a6c459b7e,src/main,JAVA
c204f6cfe,site/,JAVA
7310d5e1f,src/main,JAVA
7e49fb2a9,src/test,JAVA
05cc1b38d,src/main,JAVA
5aec114d5,src/main,JAVA
6bd3e8c0c,src/main,JAVA
e3a8a021f,site/,JAVA
6f1066dee,src/test,JAVA
c771191c5,site/,C/C++
a3ddce76a,tools/,JAVA
a165dc012,src/main,JAVA
461f4466f,src/main,JAVA
b32a0d80d,src/main,JAVA
e81f3281d,src/test,JAVA
c29dc552d,src/main,JAVA
5cc9b56d8,tools/,JAVA
56abf402f,src/main,C/C++
6a3caafec,src/test,C/C++
f1e91e181,site/,JAVA
4b90c8414,tools/,JAVA
acc7d5273,src/main,JAVA
e7e51978a,site/,C/C++
e30d1d862,tools/,JAVA
62cf54de7,tools/,JAVA
1f1511910,src/main,JAVA
57e9ea81a,src/main,JAVA
ed03a2cd0,site/,C/C++
4f95d7b34,src/main,JAVA
5c4aaa1cb,tools/,JAVA
dc5403839,site/,JAVA
bbd1e954c,tools/,JAVA
3d7904e79,src/main,JAVA
354ce37a2,third_party/,C/C++
8a1e6e5fd,src/main,JAVA
8bc1e9a78,src/main,JAVA
2bdd03401,tools/,JAVA
65e38d854,src/main,JAVA
d6ea5eae3,src/main,JAVA
0041cc323,tools/,JAVA
7ac4dd56e,tools/,JAVA
ec7500258,third_party/,Starlark
44a62a16e,src/main,JAVA
981413b56,site/,JAVA
7cc33ac82,src/main,JAVA
d20ea7611,src/main,C/C++
c56968635,site/,C/C++
3edf13269,tools/,JAVA
b51d431bd,src/main,JAVA
792ed3aef,src/main,JAVA
1f2a386b8,src/main,JAVA
20fc7e4f2,src/main,JAVA
cab48a245,src/test,JAVA
619d77d10,tools/,JAVA
699b1cce2,src/main,JAVA
a258e8296,tools/,JAVA
9c621e4cf,tools/,JAVA
8ef70e78f,src/main,JAVA
b9467f164,src/main,JAVA
a56b807a2,src/test,JAVA
6e11b21c7,site/,JAVA
45a94d5f9,tools/,JAVA
571a95a68,src/test,JAVA
593358a58,tools/,JAVA
39a8e732c,bazelci/,Starlark
9702ed9e7,src/main,JAVA
3860b8f0b,tools/,JAVA
29892df35,site/,JAVA
90309e683,site/,JAVA
a26e0aba0,tools/,JAVA
1da1d2bf1,src/main,C/C++
9e9369f94,tools/,JAVA
6026b84c3,src/test,JAVA
a5a1c6074,tools/,JAVA
fdaa768b2,tools/,JAVA
06f5acd02,src/main,JAVA
2b1c2cbe1,tools/,JAVA
e75b42c9b,tools/,JAVA
c7fc7c6df,tools/,JAVA
a5cd854e0,src/main,JAVA
c7ecd7470,site/,JAVA
01fc82524,src/main,JAVA
7e23b7fd7,site/,C/C++
3d7563d1a,src/main,JAVA
cf7368a05,tools/,JAVA
ab3bea89c,tools/,JAVA
b4871d59b,src/main,JAVA
0c163e9a8,src/main,JAVA
9dd4b27c8,site/,C/C++
82ef752ba,site/,JAVA
2af68f664,tools/,JAVA
3aec4fbb2,site/,JAVA
2fdbf2982,tools/,JAVA
b1c51de07,src/test,JAVA
3b8a1136b,site/,JAVA
4a564ae5d,src/main,JAVA
d7424acbf,tools/,JAVA
f25a097c8,src/main,JAVA
868873662,src/test,JAVA
694feb344,src/main,JAVA
f7dbe2a15,src/test,JAVA
d1e88797a,tools/,JAVA
a35dc5b51,tools/,JAVA
15a2a5098,tools/,JAVA
108f75850,src/test,JAVA
6c956623f,tools/,JAVA
f4c1a9726,tools/,JAVA
05777b8fb,tools/,JAVA
fd1e89ec7,src/main,JAVA
6826e3db8,src/main,JAVA
dc24ef71b,tools/,JAVA
7ead25862,tools/,JAVA
1a108569a,tools/,JAVA
06199f8e3,src/test,JAVA
2890fe0c8,src/test,JAVA
846ce7138,tools/,JAVA
6dc54473b,src/test,JAVA
c7bde5ae3,src/test,JAVA
68a6dfd9f,tools/,JAVA
aecec87a2,tools/,JAVA
efa8d1596,src/test,JAVA
804818d93,site/,JAVA
c6bd290e3,tools/,JAVA
0f3ee32cf,src/main,JAVA
bff601f14,tools/,JAVA
a885d8ad9,tools/,JAVA
693c69650,src/main,JAVA
77b86642a,tools/,JAVA
23d8369e4,src/main,JAVA
d9c6f9eed,src/main,JAVA
28253000e,src/main,JAVA
17e4281fc,src/main,JAVA
07f2a1929,src/main,JAVA
86de95cbd,tools/,Starlark
d4663acc7,src/main,JAVA
e9d30039d,tools/,JAVA
03a5061f9,src/main,Starlark
eaf39eace,site/,C/C++
8c0c8c2cd,src/main,JAVA
9ac75d0ed,tools/,JAVA
a24f13701,tools/,JAVA
7654481b3,tools/,JAVA
052ececdd,src/main,JAVA
c176838f2,src/test,JAVA
5e74ad1ae,tools/,JAVA
9d823e427,src/test,JAVA
55c93d11a,scripts/,JAVA
0c32de082,src/main,JAVA
e0b2b2318,src/main,JAVA
22c073e06,src/main,JAVA
d4aa82b9f,src/main,JAVA
a64598d3c,src/main,JAVA
1a3c76841,tools/,JAVA
3353d2261,bazelci/,Starlark
954d924a8,tools/,JAVA
29ec0dea9,tools/,JAVA
fc3f8f563,src/main,JAVA
d2a779687,src/main,JAVA
1dd973b3e,src/main,JAVA
ca64edcbd,tools/,JAVA
4bf4418e7,src/main,JAVA
bd5938612,tools/,JAVA
45012bfb9,src/test,JAVA
4602f05b3,tools/,JAVA
d404a2a11,tools/,JAVA
2822ba18b,site/,JAVA
b56919b67,tools/,JAVA
9db4fb91b,src/main,JAVA
eb4597ffb,site/,JAVA
33dc60255,bazelci/,Starlark
dbbde0037,tools/,JAVA
ebf658cba,src/main,JAVA
3fd5419ab,site/,C/C++
bf9f9d7d3,src/test,JAVA
2dfcf0aef,src/main,JAVA
623892380,src/main,JAVA
443af7dcf,site/,C/C++
3a664f461,src/main,JAVA
e41d6672e,src/main,JAVA
e1ba0c3b8,tools/,JAVA
926955126,src/main,JAVA
c6a4b874e,src/test,JAVA
2e05dbd60,src/main,C/C++
6706a7c67,site/,C/C++
222639c5e,site/,C/C++
96653d3cf,tools/,JAVA
